{
  "episodes": [
    2048,
    2048,
    2048,
    2048,
    2048,
    2048,
    2048,
    2048,
    2048,
    2048,
    2048,
    2048,
    2048,
    2048,
    2048,
    2048,
    2048,
    2048,
    2048,
    2048,
    2048,
    2048,
    2048,
    2048,
    2048,
    2048,
    2048,
    2048,
    2048,
    2048,
    2048,
    2048,
    2048,
    2048,
    2048,
    2048,
    2048,
    2048,
    2048,
    2048,
    2048,
    2048,
    2048,
    2048,
    2048,
    2048,
    2048,
    2048,
    2048,
    2048,
    2048,
    2048,
    2048,
    2048,
    2048,
    2048,
    2048,
    2048,
    2048,
    2048,
    2048,
    2048,
    2048,
    2048,
    2048,
    2048,
    2048,
    2048,
    2048,
    2048,
    2048,
    2048,
    2048,
    2048,
    2048,
    2048,
    2048,
    2048,
    2048,
    2048,
    2048,
    2048,
    2048,
    2048,
    2048,
    2048,
    2048,
    2048,
    2048,
    2048,
    2048,
    2048,
    2048,
    2048,
    2048,
    2048,
    2048,
    2048,
    2048,
    2048,
    4096,
    4096,
    4096,
    4096,
    4096,
    4096,
    4096,
    4096,
    4096,
    4096,
    4096,
    4096,
    4096,
    4096,
    4096,
    4096,
    4096,
    4096,
    4096,
    4096,
    4096,
    4096,
    4096,
    4096,
    4096,
    4096,
    4096,
    4096,
    4096,
    4096,
    4096,
    4096,
    4096,
    4096,
    4096,
    4096,
    4096,
    4096,
    4096,
    4096,
    4096,
    4096,
    4096,
    4096,
    4096,
    4096,
    4096,
    4096,
    4096,
    4096,
    4096,
    4096,
    4096,
    4096,
    4096,
    4096,
    4096,
    4096,
    4096,
    4096,
    4096,
    4096,
    4096,
    4096,
    4096,
    4096,
    4096,
    4096,
    4096,
    4096,
    4096,
    4096,
    4096,
    4096,
    4096,
    4096,
    4096,
    4096,
    4096,
    4096,
    4096,
    4096,
    4096,
    4096,
    4096,
    4096,
    4096,
    4096,
    4096,
    4096,
    4096,
    4096,
    4096,
    4096,
    4096,
    4096,
    4096,
    4096,
    4096,
    4096
  ],
  "episode_rewards": [
    -259.662631,
    -443.206012,
    -478.648143,
    -347.651951,
    -442.640947,
    -293.888402,
    -469.667576,
    -404.836388,
    -331.485878,
    -537.547923,
    -1069.355172,
    -759.03518,
    -399.53974,
    -264.804198,
    -349.867336,
    -674.681774,
    -487.033295,
    -599.165337,
    -392.674394,
    -313.053715,
    -678.766351,
    -280.367387,
    -448.994948,
    -424.820286,
    -409.43088,
    -301.019937,
    -369.883999,
    -280.357674,
    -693.03063,
    -849.981041,
    -417.314004,
    -359.869812,
    -349.86681,
    -997.254035,
    -296.075361,
    -342.86044,
    -313.031701,
    -330.267149,
    -842.868825,
    -283.807116,
    -694.495255,
    -897.569539,
    -544.708566,
    -355.312438,
    -470.193827,
    -389.140784,
    -337.015815,
    -589.733016,
    -341.662164,
    -389.432163,
    -606.415029,
    -235.53649,
    -474.442154,
    -639.941171,
    -277.418949,
    -276.979931,
    -327.715082,
    -278.329799,
    -446.518789,
    -207.337921,
    -443.185983,
    -403.048383,
    -360.544035,
    -447.571057,
    -281.612141,
    -497.635265,
    -821.743811,
    -428.407709,
    -255.859692,
    -323.298839,
    -1053.754916,
    -300.922897,
    -273.62522,
    -690.953464,
    -838.460896,
    -357.693193,
    -370.008862,
    -460.269922,
    -432.587242,
    -483.767698,
    -612.405696,
    -656.835293,
    -497.253785,
    -346.752683,
    -549.53711,
    -408.430637,
    -470.95131,
    -424.54752,
    -354.814302,
    -682.834034,
    -255.010821,
    -477.465244,
    -368.328013,
    -285.548009,
    -267.777939,
    -371.608009,
    -452.650728,
    -242.457945,
    -343.77441,
    -267.505177,
    -487.815583,
    -547.054151,
    -971.582459,
    -270.609884,
    -741.384314,
    -437.413677,
    -363.229042,
    -266.188633,
    -484.01048,
    -384.663597,
    -754.261077,
    -475.873045,
    -327.116122,
    -290.376022,
    -385.398878,
    -595.403928,
    -315.685624,
    -489.713125,
    -590.314433,
    -270.175839,
    -1034.227762,
    -494.582933,
    -400.369483,
    -562.331482,
    -247.312889,
    -313.496203,
    -270.812546,
    -166.734947,
    -507.820303,
    -376.437542,
    -309.497011,
    -307.030656,
    -487.728023,
    -716.924383,
    -550.695024,
    -299.931177,
    -268.20388,
    -314.384904,
    -354.111757,
    -245.56722,
    -428.386396,
    -399.322321,
    -455.761112,
    -481.551898,
    -282.670764,
    -480.845276,
    -336.552759,
    -406.951167,
    -1350.737546,
    -265.182034,
    -703.945525,
    -310.570671,
    -497.570867,
    -351.259872,
    -302.527747,
    -291.639477,
    -395.68557,
    -464.5614,
    -290.030425,
    -258.542045,
    -401.035006,
    -611.684825,
    -924.664152,
    -351.409589,
    -1196.811504,
    -528.048787,
    -296.192987,
    -426.194575,
    -501.031979,
    -367.535745,
    -301.824469,
    -317.38076,
    -892.652464,
    -473.005706,
    -242.434771,
    -314.392265,
    -360.247324,
    -459.516695,
    -716.710353,
    -541.008901,
    -496.452257,
    -292.656864,
    -389.550779,
    -541.402467,
    -418.178064,
    -419.098531,
    -302.988042,
    -303.448743,
    -448.700743,
    -501.761794,
    -378.752881,
    -417.401547,
    -248.781055,
    -301.286922,
    -278.073981,
    -262.023703,
    -332.999686,
    -288.302073,
    -258.690187,
    -331.963403
  ],
  "episode_lengths": [
    9,
    21,
    16,
    12,
    5,
    19,
    11,
    8,
    7,
    7,
    15,
    20,
    13,
    10,
    9,
    15,
    8,
    23,
    5,
    9,
    6,
    9,
    27,
    16,
    9,
    9,
    14,
    9,
    17,
    11,
    7,
    9,
    7,
    30,
    9,
    13,
    10,
    10,
    16,
    16,
    18,
    43,
    10,
    5,
    11,
    12,
    7,
    24,
    25,
    6,
    21,
    11,
    5,
    6,
    16,
    7,
    10,
    7,
    7,
    9,
    13,
    6,
    10,
    16,
    12,
    19,
    30,
    6,
    10,
    14,
    23,
    7,
    11,
    15,
    19,
    4,
    10,
    6,
    8,
    5,
    27,
    24,
    18,
    6,
    6,
    16,
    20,
    7,
    9,
    9,
    8,
    28,
    13,
    12,
    14,
    6,
    30,
    12,
    8,
    8,
    22,
    14,
    33,
    13,
    8,
    9,
    10,
    8,
    27,
    5,
    27,
    13,
    20,
    24,
    7,
    5,
    20,
    7,
    21,
    5,
    32,
    11,
    10,
    22,
    20,
    21,
    23,
    11,
    14,
    8,
    9,
    16,
    6,
    22,
    14,
    11,
    20,
    13,
    12,
    11,
    29,
    6,
    24,
    14,
    9,
    6,
    11,
    8,
    56,
    17,
    11,
    14,
    33,
    7,
    11,
    9,
    7,
    25,
    13,
    10,
    4,
    21,
    25,
    13,
    52,
    5,
    18,
    24,
    12,
    9,
    12,
    6,
    35,
    17,
    8,
    12,
    7,
    5,
    12,
    9,
    13,
    10,
    5,
    28,
    8,
    13,
    7,
    9,
    5,
    12,
    6,
    17,
    16,
    8,
    15,
    10,
    16,
    14,
    10,
    6
  ],
  "timesteps": [
    2048,
    4096
  ],
  "mean_rewards": [
    -452.29653149999996,
    -438.6706148900001
  ],
  "value_losses": [
    null,
    72300.26752929688
  ],
  "policy_losses": [
    null,
    -0.011218615921097807
  ]
}